<?xml version="1.0" encoding="UTF-8"?>
<project-private xmlns="http://www.netbeans.org/ns/project-private/1">
    <editor-bookmarks xmlns="http://www.netbeans.org/ns/editor-bookmarks/2" lastBookmarkId="0"/>
    <open-files xmlns="http://www.netbeans.org/ns/projectui-open-files/2">
        <group>
            <file>file:/D:/Chatify-chat-application/Chatify-chat-app/src/GUI/test1.java</file>
            <file>file:/D:/Chatify-chat-application/Chatify-chat-app/src/ChatEngine/Server.java</file>
        </group>
    </open-files>
</project-private>
